id;titulo;descripcion;contenido;gestion
1;clear-thinking;Latvia;Ports Manager Fish;1807
2;Bedfordshire;navigate;program alarm;30806
3;Benin Berkshire;dedicated Persevering;Coordinator Cambridgeshire Investor;43439
4;dot-com payment Libyan Dinar;white sensor local;calculate;4360
5;Representative;Response Human;back up Factors;33075
6;Venezuela Wisconsin;SDD disintermediate reinvent;eco-centric Bedfordshire mesh;39469
7;calculating Intranet Ergonomic Concrete Soap;Director Concrete Bedfordshire;portal calculating Metal;70891
8;France protocol;open-source HDD;Sleek Beauty Auto Loan Account;19427
9;Handcrafted Cotton Bacon Unbranded Fresh Pants;incubate;interfaces;67202
10;implementation;Wallis and Futuna;generating;86040
